SourcesNotInSemgen,SourceCount,SourcePercentage
kegg,10,0.285714286
bto,5,0.142857143
pato,3,0.085714286
pubchem,3,0.085714286
sbo,2,0.057142857
psimod,2,0.057142857
interpro,1,0.028571429
ec-code,1,0.028571429
chembl,1,0.028571429
NCIT,1,0.028571429